{
  "tau_per_regime": {
    "low": 0.016164185479283333,
    "normal": 0.4761859178543091,
    "flood": 1.208979845046997
  },
  "GLOBAL_TAU": 0.4761859178543091,
  "TAU_ALE": 41034.66194195846,
  "achieved_eta_ale": 0.06344135098128709,
  "q_hat_nondeferral_h1": 9.766323328307822,
  "coverage_by_regime_h1": {
    "low": 0.9302325581395349,
    "normal": 0.9058171745152355,
    "flood": 0.9230769230769231
  },
  "COST_RATIO": 10,
  "NORMALIZED_ESC_COST": 0.1,
  "deferral_rate": 0.44490075290896647,
  "leg1_epistemic_rate": 0.10882956878850103,
  "leg2_aleatoric_rate": 0.3750855578370979,
  "leg3_threshold_safeguard_rate": 0.08555783709787816,
  "aci_alpha_state_after_test": [
    0.15350000000000005,
    0.15300000000000005,
    0.15250000000000005,
    0.15700000000000006,
    0.15650000000000006,
    0.15100000000000005,
    0.13550000000000004,
    0.12500000000000006,
    0.11350000000000007,
    0.11350000000000007,
    0.10850000000000007,
    0.09850000000000006,
    0.09850000000000006,
    0.08850000000000005,
    0.08350000000000005
  ]
}