{
  "TAU_ALE": 41034.66194195846,
  "achieved_eta_ale": 0.06344135098128709,
  "global_var_cal": 22598.766497240835,
  "P30D_Q33_mm": 23.63626537999997,
  "P30D_Q67_mm": 135.97183236
}