{
  "low|dry": 0.9072642819894969,
  "low|moderate": 15.063260202298055,
  "low|wet": 1616.0216328528318,
  "normal|dry": 137.1661463381793,
  "normal|moderate": 7831.7740420564705,
  "normal|wet": 41034.66194195846,
  "flood|dry": 22598.766497240835,
  "flood|moderate": 22598.766497240835,
  "flood|wet": 68082.5296646381
}