held_out,TAU_ALE
2002,43757.05610540595
2003,30598.923771375627
2004,41691.50832049344
2005,46321.22391815304
2006,42609.89293192817
2007,40826.32713172836
