{
  "mu_Q": 100.20276641845703,
  "std_Q": 204.18443298339844,
  "sigma_clim": 204.18970305684877
}