{
  "tau_per_regime": {
    "low": 0.016164185479283333,
    "normal": 0.4761859178543091,
    "flood": 1.208979845046997
  },
  "GLOBAL_TAU": 0.4761859178543091,
  "TAU_ALE": 41034.66194195846,
  "achieved_eta_ale": 0.06344135098128709,
  "coverage_by_regime_h1": {
    "low": 0.9302325581395349,
    "normal": 0.9058171745152355,
    "flood": 0.9230769230769231
  },
  "COST_RATIO": 10,
  "NORMALIZED_ESC_COST": 0.1,
  "deferral_rate": 0.44490075290896647,
  "ope_dm": {
    "V_S1": -0.06365503080082136,
    "V_S2": -0.034223134839151265,
    "CI_S2_lo": -0.07464065708418892,
    "CI_S2_hi": -0.00888090349075977,
    "S2_better": true
  },
  "mcnemar_p": 4.0736084823995494e-09
}