{
  "Q50": 1.7039999961853027,
  "Q95": 582.8249999999998,
  "Q99": 926.2990081787109,
  "Q_mean": 100.2031359614264,
  "Q_std": 204.18970305684877
}